{
    "errorcode": 0,
    "errorDesc": "Sucess",
    "partnerResponse": {
      "countryList": [
        {
          "country": "India",
          "countryCode": "IN",
          "countryId": "94"
        },
        {
          "country": "India(NRI)",
          "countryCode": "ZZ",
          "countryId": "10000"
        },
        {
          "country": "Afghanistan",
          "countryCode": "AF",
          "countryId": "1"
        },
        {
          "country": "Aland Islands",
          "countryCode": "AX",
          "countryId": "240"
        },
        {
          "country": "Albania",
          "countryCode": "AL",
          "countryId": "2"
        },
        {
          "country": "Algeria",
          "countryCode": "DZ",
          "countryId": "3"
        },
        {
          "country": "American Samoa",
          "countryCode": "AS",
          "countryId": "4"
        },
        {
          "country": "Andorra",
          "countryCode": "AD",
          "countryId": "5"
        },
        {
          "country": "Angola",
          "countryCode": "AO",
          "countryId": "6"
        },
        {
          "country": "Anguilla",
          "countryCode": "AI",
          "countryId": "7"
        },
        {
          "country": "Antarctica",
          "countryCode": "AQ",
          "countryId": "8"
        },
        {
          "country": "Antigua and Barbuda",
          "countryCode": "AG",
          "countryId": "9"
        },
        {
          "country": "Argentina",
          "countryCode": "AR",
          "countryId": "10"
        },
        {
          "country": "Armenia",
          "countryCode": "AM",
          "countryId": "11"
        },
        {
          "country": "Aruba",
          "countryCode": "AW",
          "countryId": "12"
        },
        {
          "country": "Australia",
          "countryCode": "AU",
          "countryId": "14"
        },
        {
          "country": "Austria",
          "countryCode": "AT",
          "countryId": "15"
        },
        {
          "country": "Azerbaijan",
          "countryCode": "AZ",
          "countryId": "16"
        },
        {
          "country": "BES Islands",
          "countryCode": "BQ",
          "countryId": "241"
        },
        {
          "country": "Bahamas",
          "countryCode": "BS",
          "countryId": "17"
        },
        {
          "country": "Bahrain",
          "countryCode": "BH",
          "countryId": "18"
        },
        {
          "country": "Bangladesh",
          "countryCode": "BG",
          "countryId": "19"
        },
        {
          "country": "Barbados",
          "countryCode": "BB",
          "countryId": "20"
        },
        {
          "country": "Belarus",
          "countryCode": "BY",
          "countryId": "21"
        },
        {
          "country": "Belgium",
          "countryCode": "BE",
          "countryId": "22"
        },
        {
          "country": "Belize",
          "countryCode": "BZ",
          "countryId": "23"
        },
        {
          "country": "Benin",
          "countryCode": "BJ",
          "countryId": "24"
        },
        {
          "country": "Bermuda",
          "countryCode": "BM",
          "countryId": "25"
        },
        {
          "country": "Bhutan",
          "countryCode": "BT",
          "countryId": "26"
        },
        {
          "country": "Bolivia",
          "countryCode": "BO",
          "countryId": "27"
        },
        {
          "country": "Bosnia-Herzegovina",
          "countryCode": "BA",
          "countryId": "242"
        },
        {
          "country": "Botswana",
          "countryCode": "BW",
          "countryId": "28"
        },
        {
          "country": "Bouvet Island",
          "countryCode": "BV",
          "countryId": "243"
        },
        {
          "country": "Brazil",
          "countryCode": "BR",
          "countryId": "29"
        },
        {
          "country": "British IOT",
          "countryCode": "IO",
          "countryId": "244"
        },
        {
          "country": "British Virgin Islands",
          "countryCode": "VG",
          "countryId": "245"
        },
        {
          "country": "Brunei Darussalam",
          "countryCode": "BN",
          "countryId": "246"
        },
        {
          "country": "Bulgaria",
          "countryCode": "BU",
          "countryId": "30"
        },
        {
          "country": "Burkina Faso",
          "countryCode": "BF",
          "countryId": "247"
        },
        {
          "country": "Burundi",
          "countryCode": "BI",
          "countryId": "31"
        },
        {
          "country": "CURACAO",
          "countryCode": "CW",
          "countryId": "250"
        },
        {
          "country": "Cambodia",
          "countryCode": "KH",
          "countryId": "32"
        },
        {
          "country": "Cameroon",
          "countryCode": "CM",
          "countryId": "33"
        },
        {
          "country": "Canada",
          "countryCode": "CA",
          "countryId": "34"
        },
        {
          "country": "Cape Verde",
          "countryCode": "CV",
          "countryId": "35"
        },
        {
          "country": "Cayman Islands",
          "countryCode": "KY",
          "countryId": "36"
        },
        {
          "country": "Central African Republic",
          "countryCode": "CF",
          "countryId": "37"
        },
        {
          "country": "Chad",
          "countryCode": "TD",
          "countryId": "38"
        },
        {
          "country": "Chile",
          "countryCode": "CL",
          "countryId": "39"
        },
        {
          "country": "China",
          "countryCode": "CN",
          "countryId": "40"
        },
        {
          "country": "Christmas Island",
          "countryCode": "CX",
          "countryId": "41"
        },
        {
          "country": "Cocos Islands",
          "countryCode": "CC",
          "countryId": "248"
        },
        {
          "country": "Colombia",
          "countryCode": "CO",
          "countryId": "42"
        },
        {
          "country": "Comoros",
          "countryCode": "KM",
          "countryId": "43"
        },
        {
          "country": "Cook Islands",
          "countryCode": "CK",
          "countryId": "44"
        },
        {
          "country": "Costa Rica",
          "countryCode": "CR",
          "countryId": "45"
        },
        {
          "country": "Croatia",
          "countryCode": "HR",
          "countryId": "47"
        },
        {
          "country": "Cuba",
          "countryCode": "CU",
          "countryId": "48"
        },
        {
          "country": "Cyprus",
          "countryCode": "CY",
          "countryId": "49"
        },
        {
          "country": "Czech Republic",
          "countryCode": "CZ",
          "countryId": "50"
        },
        {
          "country": "Côte d'Ivoire",
          "countryCode": "CI",
          "countryId": "46"
        },
        {
          "country": "DR Congo",
          "countryCode": "CD",
          "countryId": "237"
        },
        {
          "country": "Denmark",
          "countryCode": "DK",
          "countryId": "51"
        },
        {
          "country": "Djibouti",
          "countryCode": "DJ",
          "countryId": "52"
        },
        {
          "country": "Dominica",
          "countryCode": "DM",
          "countryId": "53"
        },
        {
          "country": "Dominican Republic",
          "countryCode": "DO",
          "countryId": "54"
        },
        {
          "country": "Ecuador",
          "countryCode": "EC",
          "countryId": "55"
        },
        {
          "country": "Egypt",
          "countryCode": "EG",
          "countryId": "56"
        },
        {
          "country": "El Salvador",
          "countryCode": "SV",
          "countryId": "57"
        },
        {
          "country": "Equatorial Guinea",
          "countryCode": "GQ",
          "countryId": "58"
        },
        {
          "country": "Eritrea",
          "countryCode": "ER",
          "countryId": "59"
        },
        {
          "country": "Estonia",
          "countryCode": "EE",
          "countryId": "60"
        },
        {
          "country": "Ethiopia",
          "countryCode": "ET",
          "countryId": "61"
        },
        {
          "country": "FS Micronesia",
          "countryCode": "FM",
          "countryId": "135"
        },
        {
          "country": "Falkland Islands",
          "countryCode": "FK",
          "countryId": "62"
        },
        {
          "country": "Faroe Islands",
          "countryCode": "FO",
          "countryId": "63"
        },
        {
          "country": "Fiji",
          "countryCode": "FJ",
          "countryId": "64"
        },
        {
          "country": "Finland",
          "countryCode": "FI",
          "countryId": "65"
        },
        {
          "country": "France",
          "countryCode": "FR",
          "countryId": "66"
        },
        {
          "country": "French Guiana",
          "countryCode": "GF",
          "countryId": "67"
        },
        {
          "country": "French Polynesia",
          "countryCode": "PF",
          "countryId": "69"
        },
        {
          "country": "French Southern Lands",
          "countryCode": "TF",
          "countryId": "251"
        },
        {
          "country": "Gabon",
          "countryCode": "GA",
          "countryId": "70"
        },
        {
          "country": "Gambia",
          "countryCode": "GM",
          "countryId": "71"
        },
        {
          "country": "Georgia",
          "countryCode": "GE",
          "countryId": "72"
        },
        {
          "country": "Germany",
          "countryCode": "DE",
          "countryId": "73"
        },
        {
          "country": "Ghana",
          "countryCode": "GH",
          "countryId": "74"
        },
        {
          "country": "Gibraltar",
          "countryCode": "GI",
          "countryId": "75"
        },
        {
          "country": "Great Britain",
          "countryCode": "UK",
          "countryId": "76"
        },
        {
          "country": "Greece",
          "countryCode": "GR",
          "countryId": "77"
        },
        {
          "country": "Greenland",
          "countryCode": "GL",
          "countryId": "78"
        },
        {
          "country": "Grenada",
          "countryCode": "GD",
          "countryId": "79"
        },
        {
          "country": "Guadeloupe",
          "countryCode": "GP",
          "countryId": "80"
        },
        {
          "country": "Guam",
          "countryCode": "GU",
          "countryId": "81"
        },
        {
          "country": "Guatemala",
          "countryCode": "GT",
          "countryId": "82"
        },
        {
          "country": "Guernsey",
          "countryCode": "GG",
          "countryId": "83"
        },
        {
          "country": "Guinea",
          "countryCode": "GN",
          "countryId": "84"
        },
        {
          "country": "Guinea Bissau",
          "countryCode": "GW",
          "countryId": "85"
        },
        {
          "country": "Guyana",
          "countryCode": "GY",
          "countryId": "86"
        },
        {
          "country": "Haiti",
          "countryCode": "HT",
          "countryId": "87"
        },
        {
          "country": "Heard & Mcdonald Islands",
          "countryCode": "HM",
          "countryId": "88"
        },
        {
          "country": "Honduras",
          "countryCode": "HN",
          "countryId": "90"
        },
        {
          "country": "Hong Kong",
          "countryCode": "HK",
          "countryId": "91"
        },
        {
          "country": "Hungary",
          "countryCode": "HU",
          "countryId": "92"
        },
        {
          "country": "Iceland",
          "countryCode": "IS",
          "countryId": "93"
        },
        {
          "country": "Indonesia",
          "countryCode": "ID",
          "countryId": "95"
        },
        {
          "country": "Iran",
          "countryCode": "IR",
          "countryId": "96"
        },
        {
          "country": "Iraq",
          "countryCode": "IQ",
          "countryId": "97"
        },
        {
          "country": "Ireland",
          "countryCode": "IE",
          "countryId": "98"
        },
        {
          "country": "Isle of Man",
          "countryCode": "IM",
          "countryId": "99"
        },
        {
          "country": "Israel",
          "countryCode": "IL",
          "countryId": "100"
        },
        {
          "country": "Italy",
          "countryCode": "IT",
          "countryId": "101"
        },
        {
          "country": "Jamaica",
          "countryCode": "JM",
          "countryId": "102"
        },
        {
          "country": "Japan",
          "countryCode": "JP",
          "countryId": "103"
        },
        {
          "country": "Jersey",
          "countryCode": "JE",
          "countryId": "104"
        },
        {
          "country": "Jordan",
          "countryCode": "JO",
          "countryId": "105"
        },
        {
          "country": "Kazakhstan",
          "countryCode": "KZ",
          "countryId": "106"
        },
        {
          "country": "Kenya",
          "countryCode": "KE",
          "countryId": "107"
        },
        {
          "country": "Kiribati",
          "countryCode": "KI",
          "countryId": "108"
        },
        {
          "country": "Kuwait",
          "countryCode": "KW",
          "countryId": "110"
        },
        {
          "country": "Kyrgyzstan",
          "countryCode": "KG",
          "countryId": "111"
        },
        {
          "country": "Lao PDR",
          "countryCode": "LA",
          "countryId": "112"
        },
        {
          "country": "Latvia",
          "countryCode": "LV",
          "countryId": "113"
        },
        {
          "country": "Lebanon",
          "countryCode": "LB",
          "countryId": "114"
        },
        {
          "country": "Lesotho",
          "countryCode": "LS",
          "countryId": "115"
        },
        {
          "country": "Liberia",
          "countryCode": "LR",
          "countryId": "116"
        },
        {
          "country": "Libya",
          "countryCode": "LY",
          "countryId": "117"
        },
        {
          "country": "Liechtenstein",
          "countryCode": "LI",
          "countryId": "118"
        },
        {
          "country": "Lithuania",
          "countryCode": "LT",
          "countryId": "119"
        },
        {
          "country": "Luxembourg",
          "countryCode": "LU",
          "countryId": "120"
        },
        {
          "country": "Macao",
          "countryCode": "MO",
          "countryId": "121"
        },
        {
          "country": "Madagascar",
          "countryCode": "MG",
          "countryId": "123"
        },
        {
          "country": "Malawi",
          "countryCode": "MW",
          "countryId": "124"
        },
        {
          "country": "Malaysia",
          "countryCode": "MY",
          "countryId": "125"
        },
        {
          "country": "Maldives",
          "countryCode": "MV",
          "countryId": "126"
        },
        {
          "country": "Mali",
          "countryCode": "ML",
          "countryId": "127"
        },
        {
          "country": "Malta",
          "countryCode": "MT",
          "countryId": "128"
        },
        {
          "country": "Marshall Islands",
          "countryCode": "MH",
          "countryId": "129"
        },
        {
          "country": "Martinique",
          "countryCode": "MQ",
          "countryId": "130"
        },
        {
          "country": "Mauritania",
          "countryCode": "MR",
          "countryId": "131"
        },
        {
          "country": "Mauritius",
          "countryCode": "MU",
          "countryId": "132"
        },
        {
          "country": "Mayotte",
          "countryCode": "YT",
          "countryId": "133"
        },
        {
          "country": "Mexico",
          "countryCode": "MX",
          "countryId": "134"
        },
        {
          "country": "Moldova",
          "countryCode": "MD",
          "countryId": "136"
        },
        {
          "country": "Monaco",
          "countryCode": "MC",
          "countryId": "137"
        },
        {
          "country": "Mongolia",
          "countryCode": "MN",
          "countryId": "138"
        },
        {
          "country": "Montenegro",
          "countryCode": "ME",
          "countryId": "139"
        },
        {
          "country": "Montserrat",
          "countryCode": "MS",
          "countryId": "140"
        },
        {
          "country": "Morocco",
          "countryCode": "MA",
          "countryId": "141"
        },
        {
          "country": "Mozambique",
          "countryCode": "MZ",
          "countryId": "142"
        },
        {
          "country": "Myanmar",
          "countryCode": "MM",
          "countryId": "143"
        },
        {
          "country": "Namibia",
          "countryCode": "NA",
          "countryId": "144"
        },
        {
          "country": "Nauru",
          "countryCode": "NR",
          "countryId": "145"
        },
        {
          "country": "Nepal",
          "countryCode": "NP",
          "countryId": "146"
        },
        {
          "country": "Netherlands",
          "countryCode": "NL",
          "countryId": "147"
        },
        {
          "country": "Netherlands Antilles",
          "countryCode": "AN",
          "countryId": "148"
        },
        {
          "country": "New Caledonia",
          "countryCode": "NC",
          "countryId": "149"
        },
        {
          "country": "New Zealand",
          "countryCode": "NZ",
          "countryId": "150"
        },
        {
          "country": "Nicaragua",
          "countryCode": "NI",
          "countryId": "151"
        },
        {
          "country": "Niger",
          "countryCode": "NE",
          "countryId": "152"
        },
        {
          "country": "Nigeria",
          "countryCode": "NG",
          "countryId": "153"
        },
        {
          "country": "Niue",
          "countryCode": "NU",
          "countryId": "154"
        },
        {
          "country": "Norfolk Island",
          "countryCode": "NF",
          "countryId": "156"
        },
        {
          "country": "North Korea",
          "countryCode": "KP",
          "countryId": "193"
        },
        {
          "country": "Northern Mariana Islands",
          "countryCode": "MP",
          "countryId": "157"
        },
        {
          "country": "Norway",
          "countryCode": "NO",
          "countryId": "158"
        },
        {
          "country": "Oman",
          "countryCode": "OM",
          "countryId": "159"
        },
        {
          "country": "Pakistan",
          "countryCode": "PK",
          "countryId": "160"
        },
        {
          "country": "Palau",
          "countryCode": "PW",
          "countryId": "161"
        },
        {
          "country": "Palestine",
          "countryCode": "PS",
          "countryId": "162"
        },
        {
          "country": "Panama",
          "countryCode": "PA",
          "countryId": "163"
        },
        {
          "country": "Papua New Guinea",
          "countryCode": "PG",
          "countryId": "164"
        },
        {
          "country": "Paraguay",
          "countryCode": "PY",
          "countryId": "165"
        },
        {
          "country": "Peru",
          "countryCode": "PE",
          "countryId": "166"
        },
        {
          "country": "Philippines",
          "countryCode": "PH",
          "countryId": "167"
        },
        {
          "country": "Pitcairn",
          "countryCode": "PN",
          "countryId": "168"
        },
        {
          "country": "Poland",
          "countryCode": "PL",
          "countryId": "169"
        },
        {
          "country": "Portugal",
          "countryCode": "PT",
          "countryId": "170"
        },
        {
          "country": "Puerto Rico",
          "countryCode": "PR",
          "countryId": "171"
        },
        {
          "country": "Qatar",
          "countryCode": "QA",
          "countryId": "172"
        },
        {
          "country": "Republic of Korea",
          "countryCode": "KR",
          "countryId": "155"
        },
        {
          "country": "Republic of Macedonia",
          "countryCode": "MK",
          "countryId": "122"
        },
        {
          "country": "Republic of the Congo",
          "countryCode": "CG",
          "countryId": "249"
        },
        {
          "country": "Romania",
          "countryCode": "RO",
          "countryId": "174"
        },
        {
          "country": "Russian Federation",
          "countryCode": "RU",
          "countryId": "175"
        },
        {
          "country": "Rwanda",
          "countryCode": "RW",
          "countryId": "176"
        },
        {
          "country": "Réunion",
          "countryCode": "RE",
          "countryId": "173"
        },
        {
          "country": "Saint Barthelemy",
          "countryCode": "BL",
          "countryId": "253"
        },
        {
          "country": "Saint Helena",
          "countryCode": "SH",
          "countryId": "197"
        },
        {
          "country": "Saint Lucia",
          "countryCode": "LC",
          "countryId": "178"
        },
        {
          "country": "Saint-Martin",
          "countryCode": "MF",
          "countryId": "254"
        },
        {
          "country": "Samoa",
          "countryCode": "WS",
          "countryId": "179"
        },
        {
          "country": "San Marino",
          "countryCode": "SM",
          "countryId": "180"
        },
        {
          "country": "Sao Tome and Principe",
          "countryCode": "ST",
          "countryId": "181"
        },
        {
          "country": "Saudi Arabia",
          "countryCode": "SA",
          "countryId": "182"
        },
        {
          "country": "Senegal",
          "countryCode": "SN",
          "countryId": "183"
        },
        {
          "country": "Serbia",
          "countryCode": "RS",
          "countryId": "184"
        },
        {
          "country": "Seychelles",
          "countryCode": "SC",
          "countryId": "185"
        },
        {
          "country": "Sierra Leone",
          "countryCode": "SL",
          "countryId": "186"
        },
        {
          "country": "Singapore",
          "countryCode": "SG",
          "countryId": "187"
        },
        {
          "country": "Sint Maarten",
          "countryCode": "SX",
          "countryId": "255"
        },
        {
          "country": "Slovakia",
          "countryCode": "SK",
          "countryId": "188"
        },
        {
          "country": "Slovenia",
          "countryCode": "SI",
          "countryId": "189"
        },
        {
          "country": "Solomon Islands",
          "countryCode": "SB",
          "countryId": "190"
        },
        {
          "country": "Somalia",
          "countryCode": "SO",
          "countryId": "191"
        },
        {
          "country": "South Africa",
          "countryCode": "ZA",
          "countryId": "192"
        },
        {
          "country": "South Sudan",
          "countryCode": "SS",
          "countryId": "194"
        },
        {
          "country": "Spain",
          "countryCode": "ES",
          "countryId": "195"
        },
        {
          "country": "Sri Lanka",
          "countryCode": "LK",
          "countryId": "196"
        },
        {
          "country": "St Kitts and Nevis",
          "countryCode": "KN",
          "countryId": "177"
        },
        {
          "country": "St Pierre & Miquelon",
          "countryCode": "PM",
          "countryId": "198"
        },
        {
          "country": "St Vincent & Grenadines",
          "countryCode": "VC",
          "countryId": "252"
        },
        {
          "country": "Sudan",
          "countryCode": "SD",
          "countryId": "199"
        },
        {
          "country": "Suriname",
          "countryCode": "SR",
          "countryId": "200"
        },
        {
          "country": "Svalbard & Jan Mayen Iss",
          "countryCode": "SJ",
          "countryId": "256"
        },
        {
          "country": "Swaziland",
          "countryCode": "SZ",
          "countryId": "201"
        },
        {
          "country": "Sweden",
          "countryCode": "SE",
          "countryId": "202"
        },
        {
          "country": "Switzerland",
          "countryCode": "CH",
          "countryId": "203"
        },
        {
          "country": "Syria",
          "countryCode": "SY",
          "countryId": "204"
        },
        {
          "country": "Taiwan",
          "countryCode": "TW",
          "countryId": "205"
        },
        {
          "country": "Tajikistan",
          "countryCode": "TJ",
          "countryId": "206"
        },
        {
          "country": "Tanzania",
          "countryCode": "TZ",
          "countryId": "207"
        },
        {
          "country": "Thailand",
          "countryCode": "TH",
          "countryId": "208"
        },
        {
          "country": "Timor-Leste",
          "countryCode": "TL",
          "countryId": "210"
        },
        {
          "country": "Togo",
          "countryCode": "TG",
          "countryId": "211"
        },
        {
          "country": "Tokelau",
          "countryCode": "TK",
          "countryId": "212"
        },
        {
          "country": "Tonga",
          "countryCode": "TO",
          "countryId": "213"
        },
        {
          "country": "Trinidad and Tobago",
          "countryCode": "TT",
          "countryId": "214"
        },
        {
          "country": "Tunisia",
          "countryCode": "TN",
          "countryId": "215"
        },
        {
          "country": "Turkey",
          "countryCode": "TR",
          "countryId": "216"
        },
        {
          "country": "Turkmenistan",
          "countryCode": "TM",
          "countryId": "217"
        },
        {
          "country": "Turks and Caicos Iss",
          "countryCode": "TC",
          "countryId": "218"
        },
        {
          "country": "Tuvalu",
          "countryCode": "TV",
          "countryId": "219"
        },
        {
          "country": "US Minor Outlying Iss",
          "countryCode": "UM",
          "countryId": "225"
        },
        {
          "country": "Uganda",
          "countryCode": "UG",
          "countryId": "220"
        },
        {
          "country": "Ukraine",
          "countryCode": "UA",
          "countryId": "221"
        },
        {
          "country": "United Arab Emirates",
          "countryCode": "AE",
          "countryId": "222"
        },
        {
          "country": "United Kingdom",
          "countryCode": "GB",
          "countryId": "223"
        },
        {
          "country": "United States of America",
          "countryCode": "US",
          "countryId": "224"
        },
        {
          "country": "Uruguay",
          "countryCode": "UY",
          "countryId": "226"
        },
        {
          "country": "Uzbekistan",
          "countryCode": "UZ",
          "countryId": "227"
        },
        {
          "country": "Vanuatu",
          "countryCode": "VU",
          "countryId": "228"
        },
        {
          "country": "Vatican City",
          "countryCode": "VA",
          "countryId": "229"
        },
        {
          "country": "Venezuela",
          "countryCode": "VE",
          "countryId": "230"
        },
        {
          "country": "VietNam",
          "countryCode": "VN",
          "countryId": "231"
        },
        {
          "country": "Virgin Islands, US",
          "countryCode": "VI",
          "countryId": "232"
        },
        {
          "country": "Wallis and Futuna Iss",
          "countryCode": "WF",
          "countryId": "234"
        },
        {
          "country": "Western Sahara",
          "countryCode": "EH",
          "countryId": "235"
        },
        {
          "country": "Yemen",
          "countryCode": "YE",
          "countryId": "236"
        },
        {
          "country": "Zambia",
          "countryCode": "ZM",
          "countryId": "238"
        },
        {
          "country": "Zimbabwe",
          "countryCode": "ZW",
          "countryId": "239"
        }
      ],
      "serverId": "Server-0",
      "timeStamp": "2019-05-23T14:27:23.714"
    }
  }
